yeastract_tf_name,jaspar_matrix_id,jaspar_tf_name,match_type,motif_width,information_content_bits,pfm_A,pfm_C,pfm_G,pfm_T
ABF1,MA0265.3,ABF1,exact,14.0,14.0802,"[69.0, 5.0, 4.0, 5.0, 188.0, 87.0, 228.0, 155.0, 291.0, 126.0, 4.0, 1.0, 419.0, 3.0]","[72.0, 421.0, 0.0, 0.0, 66.0, 91.0, 38.0, 48.0, 48.0, 1.0, 41.0, 2.0, 3.0, 169.0]","[10.0, 1.0, 418.0, 3.0, 95.0, 65.0, 72.0, 64.0, 54.0, 297.0, 6.0, 420.0, 1.0, 15.0]","[276.0, 0.0, 5.0, 419.0, 78.0, 184.0, 89.0, 160.0, 34.0, 3.0, 376.0, 4.0, 4.0, 240.0]"
ACA1,MA2707.1,ACA1,exact,8.0,8.9008,"[1.0, 1.0, 20.0, 0.0, 0.0, 0.0, 0.0, 19.0]","[5.0, 2.0, 0.0, 20.0, 0.0, 0.0, 20.0, 0.0]","[0.0, 10.0, 0.0, 0.0, 20.0, 0.0, 0.0, 0.0]","[14.0, 7.0, 0.0, 0.0, 0.0, 20.0, 0.0, 1.0]"
ACE2,MA0267.2,ACE2,exact,5.0,8.1993,"[1.0, 0.0, 90.0, 0.0, 0.0]","[92.0, 100.0, 10.0, 0.0, 100.0]","[6.0, 0.0, 0.0, 100.0, 0.0]","[1.0, 0.0, 0.0, 0.0, 0.0]"
ADR1,MA0268.2,ADR1,exact,6.0,7.571,"[0.0, 0.0, 0.0, 0.0, 64.0, 34.0]","[100.0, 85.0, 100.0, 100.0, 6.0, 51.0]","[0.0, 0.0, 0.0, 0.0, 20.0, 6.0]","[0.0, 15.0, 0.0, 0.0, 10.0, 9.0]"
AFT1,MA0269.2,AFT1,exact,10.0,12.121,"[136.0, 716.0, 145.0, 34.0, 160.0, 10.0, 961.0, 8.0, 25.0, 19.0]","[78.0, 25.0, 31.0, 47.0, 10.0, 966.0, 9.0, 972.0, 955.0, 740.0]","[142.0, 31.0, 288.0, 39.0, 812.0, 11.0, 15.0, 9.0, 2.0, 13.0]","[641.0, 226.0, 535.0, 878.0, 16.0, 10.0, 14.0, 10.0, 16.0, 225.0]"
AFT2,MA0270.2,AFT2,exact,6.0,10.0167,"[70.0, 0.0, 100.0, 0.0, 0.0, 0.0]","[0.0, 100.0, 0.0, 100.0, 100.0, 100.0]","[30.0, 0.0, 0.0, 0.0, 0.0, 0.0]","[0.0, 0.0, 0.0, 0.0, 0.0, 0.0]"
ARG80,MA0271.1,ARG80,exact,6.0,8.6234,"[89.0, 0.0, 161.0, 0.0, 44.0, 0.0]","[0.0, 0.0, 0.0, 301.0, 0.0, 256.0]","[0.0, 301.0, 0.0, 0.0, 79.0, 0.0]","[69.0, 0.0, 0.0, 0.0, 69.0, 20.0]"
ARG81,MA0272.2,ARG81,exact,7.0,10.8534,"[6.0, 20.0, 169.0, 0.0, 1.0, 0.0, 59.0]","[0.0, 0.0, 0.0, 271.0, 0.0, 279.0, 59.0]","[4.0, 239.0, 0.0, 0.0, 0.0, 0.0, 4.0]","[154.0, 0.0, 0.0, 1.0, 164.0, 0.0, 64.0]"
ARR1,MA0274.1,ARR1,exact,8.0,8.4411,"[160.0, 24.0, 30.0, 0.0, 73.0, 129.0, 137.0, 11.0]","[0.0, 75.0, 70.0, 0.0, 0.0, 41.0, 0.0, 0.0]","[0.0, 29.0, 0.0, 0.0, 161.0, 12.0, 29.0, 24.0]","[0.0, 73.0, 87.0, 161.0, 0.0, 0.0, 3.0, 129.0]"
ASH1,MA0276.1,ASH1,exact,10.0,10.2817,"[0.0, 0.0, 61.0, 58.0, 130.0, 0.0, 33.0, 80.0, 0.0, 0.0]","[220.0, 291.0, 21.0, 54.0, 0.0, 11.0, 150.0, 0.0, 8.0, 0.0]","[8.0, 0.0, 133.0, 101.0, 54.0, 8.0, 8.0, 92.0, 249.0, 256.0]","[35.0, 3.0, 10.0, 12.0, 0.0, 147.0, 35.0, 26.0, 19.0, 18.0]"
AZF1,MA0277.1,AZF1,exact,9.0,10.4916,"[63.0, 100.0, 100.0, 88.0, 75.0, 0.0, 78.0, 81.0, 63.0]","[13.0, 0.0, 0.0, 13.0, 0.0, 0.0, 16.0, 6.0, 13.0]","[13.0, 0.0, 0.0, 0.0, 25.0, 100.0, 3.0, 6.0, 13.0]","[13.0, 0.0, 0.0, 0.0, 0.0, 0.0, 3.0, 6.0, 13.0]"
BAS1,MA0278.2,BAS1,exact,12.0,13.9278,"[455.0, 248.0, 98.0, 52.0, 348.0, 12.0, 966.0, 26.0, 9.0, 47.0, 892.0, 487.0]","[51.0, 34.0, 724.0, 918.0, 346.0, 3.0, 5.0, 6.0, 10.0, 930.0, 42.0, 123.0]","[370.0, 670.0, 143.0, 7.0, 280.0, 977.0, 23.0, 962.0, 4.0, 7.0, 16.0, 320.0]","[122.0, 46.0, 33.0, 20.0, 24.0, 6.0, 4.0, 4.0, 975.0, 15.0, 49.0, 68.0]"
CAD1,MA0279.3,CAD1,exact,11.0,12.2262,"[12.0, 5.0, 26.0, 1.0, 1.0, 85.0, 6.0, 10.0, 82.0, 85.0, 5.0]","[14.0, 5.0, 58.0, 1.0, 0.0, 0.0, 64.0, 0.0, 3.0, 0.0, 1.0]","[11.0, 68.0, 3.0, 0.0, 18.0, 1.0, 11.0, 3.0, 0.0, 1.0, 14.0]","[50.0, 9.0, 0.0, 85.0, 68.0, 1.0, 6.0, 74.0, 2.0, 1.0, 67.0]"
CAT8,MA0280.2,CAT8,exact,5.0,7.8927,"[0.0, 0.0, 0.0, 0.0, 66.0]","[100.0, 100.0, 0.0, 0.0, 13.0]","[0.0, 0.0, 100.0, 100.0, 21.0]","[0.0, 0.0, 0.0, 0.0, 0.0]"
CBF1,MA0281.3,CBF1,exact,10.0,13.4969,"[137.0, 12.0, 1.0, 253.0, 1.0, 7.0, 0.0, 0.0, 215.0, 17.0]","[14.0, 20.0, 254.0, 0.0, 243.0, 0.0, 0.0, 1.0, 24.0, 146.0]","[73.0, 55.0, 1.0, 2.0, 2.0, 249.0, 0.0, 255.0, 11.0, 9.0]","[32.0, 169.0, 0.0, 1.0, 10.0, 0.0, 256.0, 0.0, 6.0, 84.0]"
CHA4,MA0283.1,CHA4,exact,8.0,10.174,"[22.0, 0.0, 0.0, 0.0, 0.0, 71.0, 22.0, 48.0]","[5.0, 0.0, 100.0, 0.0, 0.0, 0.0, 1.0, 10.0]","[68.0, 100.0, 0.0, 100.0, 100.0, 28.0, 76.0, 10.0]","[5.0, 0.0, 0.0, 0.0, 0.0, 0.0, 1.0, 31.0]"
CIN5,MA0284.3,CIN5,exact,10.0,13.0598,"[240.0, 3.0, 3.0, 334.0, 4.0, 223.0, 1.0, 321.0, 329.0, 25.0]","[46.0, 5.0, 2.0, 1.0, 273.0, 17.0, 1.0, 19.0, 3.0, 18.0]","[25.0, 5.0, 13.0, 3.0, 10.0, 88.0, 1.0, 3.0, 1.0, 58.0]","[34.0, 332.0, 327.0, 7.0, 58.0, 17.0, 342.0, 2.0, 12.0, 244.0]"
COM2,,,no_match,,,,,,
CRZ1,MA0285.2,CRZ1,exact,6.0,7.2389,"[63.0, 0.0, 0.0, 0.0, 42.0, 7.0]","[36.0, 0.0, 100.0, 99.0, 30.0, 76.0]","[1.0, 100.0, 0.0, 0.0, 7.0, 8.0]","[1.0, 0.0, 0.0, 0.0, 21.0, 8.0]"
CST6,MA0286.2,CST6,exact,6.0,9.9519,"[1.0, 1.0, 100.0, 0.0, 5.0, 0.0]","[1.0, 1.0, 0.0, 100.0, 0.0, 0.0]","[1.0, 91.0, 0.0, 0.0, 95.0, 0.0]","[96.0, 7.0, 0.0, 0.0, 0.0, 100.0]"
CUP2,MA0287.1,CUP2,exact,11.0,7.4411,"[0.0, 9.0, 0.0, 2.0, 6.0, 4.0, 9.0, 9.0, 7.0, 4.0, 2.0]","[7.0, 0.0, 0.0, 7.0, 0.0, 1.0, 0.0, 0.0, 0.0, 0.0, 0.0]","[0.0, 0.0, 9.0, 0.0, 3.0, 4.0, 0.0, 0.0, 2.0, 0.0, 7.0]","[2.0, 0.0, 0.0, 0.0, 0.0, 0.0, 0.0, 0.0, 0.0, 5.0, 0.0]"
DAL80,MA0289.1,DAL80,exact,7.0,9.9885,"[11.0, 0.0, 100.0, 0.0, 100.0, 90.0, 3.0]","[67.0, 0.0, 0.0, 0.0, 0.0, 1.0, 19.0]","[6.0, 100.0, 0.0, 0.0, 0.0, 1.0, 75.0]","[17.0, 0.0, 0.0, 100.0, 0.0, 7.0, 3.0]"
DAL81,MA0290.1,DAL81,exact,19.0,35.9115,"[203.0, 203.0, 203.0, 203.0, 0.0, 0.0, 0.0, 0.0, 0.0, 0.0, 0.0, 0.0, 0.0, 0.0, 0.0, 0.0, 203.0, 0.0, 0.0]","[0.0, 0.0, 0.0, 0.0, 0.0, 203.0, 203.0, 0.0, 203.0, 0.0, 0.0, 0.0, 203.0, 0.0, 0.0, 0.0, 0.0, 0.0, 0.0]","[0.0, 0.0, 0.0, 0.0, 203.0, 0.0, 0.0, 203.0, 0.0, 203.0, 203.0, 203.0, 0.0, 203.0, 203.0, 203.0, 0.0, 0.0, 0.0]","[0.0, 0.0, 0.0, 0.0, 0.0, 0.0, 0.0, 0.0, 0.0, 0.0, 0.0, 0.0, 0.0, 0.0, 0.0, 0.0, 0.0, 203.0, 203.0]"
DAL82,MA0291.1,DAL82,exact,9.0,8.4844,"[56.0, 53.0, 39.0, 26.0, 0.0, 0.0, 0.0, 0.0, 11.0]","[14.0, 11.0, 3.0, 11.0, 26.0, 0.0, 100.0, 0.0, 68.0]","[14.0, 5.0, 3.0, 42.0, 0.0, 100.0, 0.0, 100.0, 11.0]","[14.0, 32.0, 55.0, 21.0, 74.0, 0.0, 0.0, 0.0, 11.0]"
ECM22,MA0292.2,ECM22,exact,6.0,8.3229,"[14.0, 0.0, 0.0, 0.0, 0.0, 93.0]","[7.0, 100.0, 100.0, 14.0, 0.0, 0.0]","[7.0, 0.0, 0.0, 86.0, 86.0, 7.0]","[71.0, 0.0, 0.0, 0.0, 14.0, 0.0]"
ERT1,MA0420.2,ERT1,exact,7.0,10.1057,"[6.0, 0.0, 0.0, 0.0, 100.0, 100.0, 4.0]","[47.0, 100.0, 0.0, 0.0, 0.0, 0.0, 63.0]","[6.0, 0.0, 100.0, 100.0, 0.0, 0.0, 4.0]","[41.0, 0.0, 0.0, 0.0, 0.0, 0.0, 28.0]"
FKH1,MA0296.2,FKH1,exact,13.0,15.4496,"[520.0, 526.0, 365.0, 119.0, 146.0, 7.0, 959.0, 977.0, 990.0, 1.0, 990.0, 874.0, 671.0]","[84.0, 76.0, 73.0, 146.0, 4.0, 3.0, 37.0, 11.0, 1.0, 925.0, 1.0, 39.0, 49.0]","[98.0, 129.0, 150.0, 133.0, 847.0, 0.0, 0.0, 1.0, 2.0, 1.0, 3.0, 16.0, 70.0]","[297.0, 267.0, 411.0, 600.0, 1.0, 987.0, 1.0, 9.0, 5.0, 71.0, 4.0, 69.0, 208.0]"
FKH2,MA0297.1,FKH2,exact,7.0,12.132,"[13.0, 0.0, 100.0, 100.0, 100.0, 0.0, 100.0]","[0.0, 0.0, 0.0, 0.0, 0.0, 100.0, 0.0]","[88.0, 0.0, 0.0, 0.0, 0.0, 0.0, 0.0]","[0.0, 100.0, 0.0, 0.0, 0.0, 0.0, 0.0]"
FLO8,,,no_match,,,,,,
FZF1,MA2701.1,FZF1,exact,7.0,9.9875,"[2.0, 0.0, 174.0, 3.0, 4.0, 162.0, 96.0]","[178.0, 2.0, 7.0, 1.0, 176.0, 4.0, 28.0]","[2.0, 4.0, 1.0, 1.0, 1.0, 5.0, 16.0]","[0.0, 176.0, 0.0, 177.0, 1.0, 11.0, 42.0]"
GAL4,MA0299.1,GAL4,exact,15.0,11.4719,"[0.0, 0.0, 0.0, 778.0, 292.0, 1019.0, 2339.0, 567.0, 1913.0, 659.0, 96.0, 1170.0, 0.0, 235.0, 0.0]","[2779.0, 0.0, 438.0, 655.0, 1137.0, 810.0, 0.0, 1296.0, 335.0, 592.0, 767.0, 517.0, 1437.0, 392.0, 2779.0]","[0.0, 2779.0, 2273.0, 927.0, 1151.0, 1002.0, 538.0, 810.0, 0.0, 1744.0, 494.0, 1105.0, 729.0, 419.0, 0.0]","[0.0, 0.0, 97.0, 717.0, 498.0, 390.0, 98.0, 194.0, 737.0, 204.0, 1786.0, 404.0, 824.0, 2001.0, 0.0]"
GAT1,MA0300.2,GAT1,exact,6.0,10.118,"[0.0, 100.0, 0.0, 100.0, 100.0, 3.0]","[0.0, 0.0, 0.0, 0.0, 0.0, 9.0]","[100.0, 0.0, 0.0, 0.0, 0.0, 84.0]","[0.0, 0.0, 100.0, 0.0, 0.0, 3.0]"
GCN4,MA0303.3,GCN4,exact,8.0,10.2854,"[0.0, 1.0, 87.0, 0.0, 1.0, 7.0, 82.0, 6.0]","[0.0, 0.0, 0.0, 62.0, 0.0, 78.0, 3.0, 20.0]","[0.0, 84.0, 2.0, 28.0, 2.0, 5.0, 2.0, 13.0]","[90.0, 5.0, 1.0, 0.0, 87.0, 0.0, 3.0, 51.0]"
GCR1,MA0304.1,GCR1,exact,8.0,11.4704,"[719.0, 0.0, 0.0, 2460.0, 2157.0, 9.0, 553.0, 0.0]","[31.0, 142.0, 22.0, 0.0, 10.0, 13.0, 1703.0, 1932.0]","[77.0, 2318.0, 2438.0, 0.0, 0.0, 2326.0, 0.0, 15.0]","[1822.0, 0.0, 0.0, 0.0, 294.0, 121.0, 240.0, 651.0]"
GCR2,MA0305.2,GCR2,exact,6.0,9.4216,"[33.0, 0.0, 11.0, 0.0, 0.0, 0.0]","[33.0, 279.0, 0.0, 0.0, 260.0, 269.0]","[149.0, 0.0, 1.0, 0.0, 0.0, 1.0]","[16.0, 0.0, 152.0, 169.0, 8.0, 0.0]"
GIS1,MA0306.2,GIS1,exact,6.0,8.7053,"[0.0, 0.0, 0.0, 0.0, 0.0, 49.0]","[97.0, 100.0, 100.0, 87.0, 0.0, 4.0]","[0.0, 0.0, 0.0, 0.0, 0.0, 15.0]","[3.0, 0.0, 0.0, 13.0, 100.0, 32.0]"
GLN3,MA0307.1,GLN3,exact,5.0,7.0804,"[0.0, 100.0, 0.0, 74.0, 61.0]","[0.0, 0.0, 0.0, 0.0, 0.0]","[100.0, 0.0, 0.0, 0.0, 27.0]","[0.0, 0.0, 100.0, 26.0, 12.0]"
GSM1,MA0308.2,GSM1,exact,10.0,12.2238,"[566.0, 849.0, 400.0, 3.0, 4.0, 3.0, 0.0, 0.0, 136.0, 708.0]","[22.0, 9.0, 164.0, 916.0, 177.0, 985.0, 972.0, 30.0, 4.0, 60.0]","[17.0, 20.0, 182.0, 10.0, 38.0, 1.0, 25.0, 967.0, 849.0, 197.0]","[393.0, 120.0, 252.0, 69.0, 778.0, 9.0, 0.0, 1.0, 9.0, 32.0]"
GZF3,MA0309.2,GZF3,exact,7.0,9.1489,"[18.0, 0.0, 100.0, 0.0, 100.0, 73.0, 4.0]","[39.0, 0.0, 0.0, 0.0, 0.0, 9.0, 38.0]","[2.0, 100.0, 0.0, 0.0, 0.0, 0.0, 59.0]","[41.0, 0.0, 0.0, 100.0, 0.0, 18.0, 0.0]"
HAA1,MA0312.3,HAP1,fuzzy,8.0,10.6191,"[1.0, 0.0, 0.0, 56.0, 0.0, 56.0, 27.0, 31.0]","[55.0, 56.0, 0.0, 0.0, 0.0, 0.0, 7.0, 9.0]","[0.0, 0.0, 56.0, 0.0, 0.0, 0.0, 4.0, 6.0]","[0.0, 0.0, 0.0, 0.0, 56.0, 0.0, 18.0, 10.0]"
HAC1,MA0310.2,HAC1,exact,7.0,10.355,"[24.0, 68.0, 0.0, 100.0, 0.0, 0.0, 0.0]","[6.0, 32.0, 100.0, 0.0, 100.0, 0.0, 0.0]","[56.0, 0.0, 0.0, 0.0, 0.0, 100.0, 0.0]","[15.0, 0.0, 0.0, 0.0, 0.0, 0.0, 100.0]"
HAP1,MA0312.3,HAP1,exact,8.0,10.6191,"[1.0, 0.0, 0.0, 56.0, 0.0, 56.0, 27.0, 31.0]","[55.0, 56.0, 0.0, 0.0, 0.0, 0.0, 7.0, 9.0]","[0.0, 0.0, 56.0, 0.0, 0.0, 0.0, 4.0, 6.0]","[0.0, 0.0, 0.0, 0.0, 56.0, 0.0, 18.0, 10.0]"
HAP2,MA0313.1,HAP2,exact,5.0,8.191,"[0.0, 0.0, 22.0, 0.0, 675.0]","[0.0, 0.0, 0.0, 0.0, 1619.0]","[0.0, 40.0, 3922.0, 3932.0, 131.0]","[3939.0, 3897.0, 0.0, 7.0, 1847.0]"
HAP3,MA0314.3,HAP3,exact,9.0,11.5493,"[4.0, 2.0, 111.0, 0.0, 0.0, 0.0, 0.0, 6.0, 5.0]","[17.0, 20.0, 1.0, 0.0, 2.0, 1.0, 0.0, 67.0, 42.0]","[0.0, 84.0, 0.0, 0.0, 0.0, 114.0, 115.0, 4.0, 18.0]","[94.0, 9.0, 3.0, 115.0, 113.0, 0.0, 0.0, 38.0, 50.0]"
HAP4,MA0316.2,HAP5,fuzzy,14.0,13.2476,"[200.0, 113.0, 826.0, 1817.0, 127.0, 98.0, 0.0, 537.0, 4156.0, 0.0, 0.0, 387.0, 361.0, 0.0]","[1914.0, 1513.0, 1137.0, 1451.0, 637.0, 3199.0, 700.0, 1308.0, 0.0, 0.0, 0.0, 0.0, 497.0, 1730.0]","[2108.0, 2485.0, 2155.0, 440.0, 1273.0, 677.0, 0.0, 1904.0, 0.0, 0.0, 234.0, 3788.0, 3123.0, 0.0]","[97.0, 433.0, 453.0, 1002.0, 2389.0, 624.0, 3713.0, 793.0, 0.0, 4156.0, 3922.0, 0.0, 262.0, 2808.0]"
HAP5,MA0316.2,HAP5,exact,14.0,13.2476,"[200.0, 113.0, 826.0, 1817.0, 127.0, 98.0, 0.0, 537.0, 4156.0, 0.0, 0.0, 387.0, 361.0, 0.0]","[1914.0, 1513.0, 1137.0, 1451.0, 637.0, 3199.0, 700.0, 1308.0, 0.0, 0.0, 0.0, 0.0, 497.0, 1730.0]","[2108.0, 2485.0, 2155.0, 440.0, 1273.0, 677.0, 0.0, 1904.0, 0.0, 0.0, 234.0, 3788.0, 3123.0, 0.0]","[97.0, 433.0, 453.0, 1002.0, 2389.0, 624.0, 3713.0, 793.0, 0.0, 4156.0, 3922.0, 0.0, 262.0, 2808.0]"
HCM1,MA0317.2,HCM1,exact,7.0,7.8159,"[27.0, 67.0, 95.0, 100.0, 1.0, 95.0, 57.0]","[8.0, 32.0, 5.0, 0.0, 86.0, 2.0, 17.0]","[4.0, 1.0, 0.0, 0.0, 0.0, 2.0, 11.0]","[61.0, 1.0, 0.0, 0.0, 13.0, 2.0, 14.0]"
HOT1,,,no_match,,,,,,
HSF1,MA0319.2,HSF1,exact,7.0,8.9844,"[69.0, 2.0, 19.0, 0.0, 100.0, 100.0, 6.0]","[13.0, 2.0, 0.0, 0.0, 0.0, 0.0, 56.0]","[13.0, 2.0, 81.0, 100.0, 0.0, 0.0, 19.0]","[6.0, 95.0, 0.0, 0.0, 0.0, 0.0, 19.0]"
IME1,MA0320.1,IME1,exact,8.0,13.2307,"[0.0, 0.0, 0.0, 0.0, 0.0, 0.0, 161.0, 16.0]","[301.0, 232.0, 0.0, 301.0, 189.0, 0.0, 0.0, 0.0]","[0.0, 61.0, 301.0, 0.0, 75.0, 301.0, 0.0, 266.0]","[0.0, 0.0, 0.0, 0.0, 15.0, 0.0, 0.0, 0.0]"
INO2,MA0321.1,INO2,exact,9.0,12.2258,"[18.0, 0.0, 155.0, 0.0, 7.0, 8.0, 0.0, 141.0, 134.0]","[29.0, 275.0, 7.0, 25.0, 0.0, 0.0, 34.0, 16.0, 2.0]","[198.0, 0.0, 0.0, 0.0, 258.0, 11.0, 241.0, 23.0, 5.0]","[4.0, 0.0, 4.0, 150.0, 0.0, 147.0, 0.0, 0.0, 24.0]"
INO4,MA0322.1,INO4,exact,9.0,12.5437,"[29.0, 0.0, 138.0, 0.0, 10.0, 0.0, 17.0, 146.0, 142.0]","[46.0, 236.0, 14.0, 0.0, 0.0, 0.0, 0.0, 7.0, 7.0]","[162.0, 0.0, 0.0, 0.0, 256.0, 0.0, 241.0, 23.0, 26.0]","[5.0, 19.0, 17.0, 168.0, 0.0, 167.0, 0.0, 0.0, 0.0]"
IXR1,MA0323.1,IXR1,exact,15.0,19.5915,"[161.0, 121.0, 68.0, 28.0, 59.0, 59.0, 28.0, 121.0, 121.0, 0.0, 0.0, 28.0, 6.0, 0.0, 0.0]","[0.0, 0.0, 0.0, 228.0, 187.0, 0.0, 0.0, 0.0, 0.0, 0.0, 301.0, 0.0, 0.0, 0.0, 0.0]","[0.0, 0.0, 112.0, 0.0, 0.0, 187.0, 169.0, 71.0, 0.0, 301.0, 0.0, 244.0, 285.0, 112.0, 244.0]","[0.0, 37.0, 28.0, 6.0, 0.0, 0.0, 37.0, 0.0, 37.0, 0.0, 0.0, 0.0, 0.0, 99.0, 28.0]"
KAR4,,,no_match,,,,,,
LEU3,MA0324.1,LEU3,exact,10.0,11.0056,"[0.0, 0.0, 0.0, 20.0, 26.0, 47.0, 0.0, 0.0, 0.0, 0.0]","[100.0, 100.0, 0.0, 0.0, 34.0, 12.0, 61.0, 100.0, 0.0, 32.0]","[0.0, 0.0, 56.0, 35.0, 0.0, 16.0, 39.0, 0.0, 100.0, 68.0]","[0.0, 0.0, 43.0, 45.0, 41.0, 25.0, 0.0, 0.0, 0.0, 0.0]"
LYS14,MA0325.2,LYS14,exact,7.0,10.28,"[4.0, 0.0, 0.0, 100.0, 100.0, 6.0, 13.0]","[82.0, 0.0, 0.0, 0.0, 0.0, 0.0, 13.0]","[10.0, 100.0, 100.0, 0.0, 0.0, 0.0, 7.0]","[4.0, 0.0, 0.0, 0.0, 0.0, 94.0, 68.0]"
MAC1,MA0326.1,MAC1,exact,8.0,13.1194,"[108.0, 89.0, 0.0, 115.0, 0.0, 0.0, 0.0, 958.0]","[0.0, 0.0, 0.0, 0.0, 1714.0, 0.0, 1714.0, 0.0]","[0.0, 219.0, 0.0, 1599.0, 0.0, 0.0, 0.0, 655.0]","[1632.0, 1451.0, 1714.0, 0.0, 0.0, 1714.0, 0.0, 113.0]"
MBP1,MA0329.2,MBP1,exact,5.0,6.375,"[55.0, 0.0, 15.0, 0.0, 0.0]","[10.0, 100.0, 0.0, 88.0, 2.0]","[18.0, 0.0, 85.0, 0.0, 98.0]","[17.0, 0.0, 0.0, 12.0, 0.0]"
MCM1,MA0331.1,MCM1,exact,12.0,11.7965,"[1692.0, 97.0, 3002.0, 6037.0, 7789.0, 936.0, 1175.0, 6619.0, 612.0, 117.0, 10592.0, 12477.0]","[11356.0, 12733.0, 5897.0, 2220.0, 195.0, 237.0, 3860.0, 1176.0, 32.0, 134.0, 966.0, 399.0]","[405.0, 0.0, 3023.0, 3432.0, 642.0, 0.0, 542.0, 5947.0, 13102.0, 13351.0, 319.0, 350.0]","[368.0, 971.0, 4309.0, 3681.0, 5363.0, 12586.0, 9116.0, 1957.0, 0.0, 16.0, 2201.0, 475.0]"
MET31,MA0333.2,MET31,exact,6.0,9.7784,"[0.0, 0.0, 0.0, 0.0, 0.0, 10.0]","[0.0, 0.0, 0.0, 0.0, 100.0, 0.0]","[100.0, 0.0, 100.0, 100.0, 0.0, 69.0]","[0.0, 100.0, 0.0, 0.0, 0.0, 20.0]"
MET32,MA0334.2,MET32,exact,6.0,8.115,"[11.0, 0.0, 0.0, 93.0, 0.0, 64.0]","[5.0, 99.0, 100.0, 3.0, 99.0, 15.0]","[77.0, 0.0, 0.0, 0.0, 0.0, 12.0]","[7.0, 0.0, 0.0, 3.0, 1.0, 9.0]"
MET4,,,no_match,,,,,,
MIG1,MA0337.2,MIG1,exact,6.0,8.2295,"[1.0, 0.0, 0.0, 0.0, 46.0, 5.0]","[97.0, 100.0, 100.0, 100.0, 3.0, 57.0]","[1.0, 0.0, 0.0, 0.0, 50.0, 30.0]","[1.0, 0.0, 0.0, 0.0, 1.0, 7.0]"
MIG2,MA0338.2,MIG2,exact,6.0,8.3051,"[1.0, 0.0, 0.0, 0.0, 36.0, 5.0]","[96.0, 100.0, 100.0, 100.0, 11.0, 77.0]","[2.0, 0.0, 0.0, 0.0, 52.0, 13.0]","[1.0, 0.0, 0.0, 0.0, 1.0, 6.0]"
MIG3,MA0339.2,MIG3,exact,6.0,8.1277,"[1.0, 0.0, 0.0, 0.0, 41.0, 5.0]","[98.0, 94.0, 100.0, 100.0, 2.0, 69.0]","[1.0, 0.0, 0.0, 0.0, 55.0, 17.0]","[1.0, 6.0, 0.0, 0.0, 1.0, 9.0]"
MOT2,MA0379.1,MOT2,exact,5.0,8.6546,"[93.0, 0.0, 99.0, 0.0, 99.0]","[2.0, 0.0, 0.0, 0.0, 0.0]","[0.0, 0.0, 0.0, 0.0, 0.0]","[5.0, 99.0, 0.0, 99.0, 0.0]"
MOT3,MA0340.1,MOT3,exact,6.0,8.8788,"[67.0, 203.0, 0.0, 0.0, 0.0, 203.0]","[67.0, 0.0, 0.0, 0.0, 101.0, 0.0]","[0.0, 0.0, 203.0, 203.0, 0.0, 0.0]","[67.0, 0.0, 0.0, 0.0, 101.0, 0.0]"
MSN2,MA0341.1,MSN2,exact,5.0,7.9051,"[60.0, 0.0, 0.0, 0.0, 0.0]","[7.0, 0.0, 0.0, 0.0, 0.0]","[32.0, 100.0, 100.0, 100.0, 100.0]","[0.0, 0.0, 0.0, 0.0, 0.0]"
MSN4,MA0342.1,MSN4,exact,5.0,8.3767,"[83.0, 0.0, 0.0, 0.0, 0.0]","[0.0, 0.0, 0.0, 0.0, 0.0]","[16.0, 99.0, 99.0, 99.0, 99.0]","[0.0, 0.0, 0.0, 0.0, 1.0]"
MSS11,,,no_match,,,,,,
NDT80,MA0343.2,NDT80,exact,9.0,12.3197,"[188.0, 444.0, 12.0, 940.0, 18.0, 965.0, 970.0, 945.0, 713.0]","[20.0, 483.0, 948.0, 7.0, 967.0, 4.0, 5.0, 3.0, 24.0]","[675.0, 41.0, 4.0, 45.0, 6.0, 9.0, 15.0, 14.0, 236.0]","[116.0, 30.0, 34.0, 6.0, 6.0, 20.0, 8.0, 37.0, 24.0]"
NRG1,MA0347.3,NRG1,exact,8.0,10.0484,"[27.0, 45.0, 0.0, 0.0, 0.0, 7.0, 0.0, 0.0]","[17.0, 2.0, 0.0, 0.0, 0.0, 4.0, 43.0, 43.0]","[1.0, 1.0, 48.0, 48.0, 48.0, 1.0, 1.0, 2.0]","[3.0, 0.0, 0.0, 0.0, 0.0, 36.0, 4.0, 3.0]"
NRG2,MA0347.3,NRG1,fuzzy,8.0,10.0484,"[27.0, 45.0, 0.0, 0.0, 0.0, 7.0, 0.0, 0.0]","[17.0, 2.0, 0.0, 0.0, 0.0, 4.0, 43.0, 43.0]","[1.0, 1.0, 48.0, 48.0, 48.0, 1.0, 1.0, 2.0]","[3.0, 0.0, 0.0, 0.0, 0.0, 36.0, 4.0, 3.0]"
OAF1,MA0348.2,OAF1,exact,8.0,9.1636,"[0.0, 0.0, 0.0, 56.0, 7.0, 68.0, 14.0, 56.0]","[100.0, 0.0, 0.0, 0.0, 0.0, 4.0, 7.0, 14.0]","[0.0, 100.0, 100.0, 43.0, 86.0, 4.0, 7.0, 14.0]","[0.0, 0.0, 0.0, 0.0, 7.0, 25.0, 71.0, 14.0]"
PDR1,MA0352.3,PDR1,exact,10.0,12.9777,"[18.0, 2.0, 1.0, 7.0, 72.0, 0.0, 2.0, 1.0, 132.0, 105.0]","[16.0, 9.0, 140.0, 130.0, 1.0, 132.0, 1.0, 1.0, 1.0, 8.0]","[6.0, 0.0, 0.0, 3.0, 70.0, 0.0, 138.0, 142.0, 7.0, 19.0]","[104.0, 133.0, 3.0, 4.0, 1.0, 12.0, 3.0, 0.0, 4.0, 12.0]"
PDR3,MA0353.1,PDR3,exact,8.0,15.1206,"[0.0, 0.0, 0.0, 0.0, 0.0, 0.0, 0.0, 203.0]","[0.0, 203.0, 203.0, 0.0, 203.0, 0.0, 0.0, 0.0]","[0.0, 0.0, 0.0, 203.0, 0.0, 203.0, 203.0, 0.0]","[203.0, 0.0, 0.0, 0.0, 0.0, 0.0, 0.0, 0.0]"
PDR8,MA0354.2,PDR8,exact,7.0,10.8997,"[0.0, 0.0, 0.0, 100.0, 8.0, 100.0, 13.0]","[100.0, 0.0, 0.0, 0.0, 8.0, 0.0, 6.0]","[0.0, 100.0, 100.0, 0.0, 85.0, 0.0, 6.0]","[0.0, 0.0, 0.0, 0.0, 0.0, 0.0, 75.0]"
PHO2,MA0356.1,PHO2,exact,6.0,6.6765,"[52.0, 12.0, 100.0, 56.0, 23.0, 63.0]","[0.0, 0.0, 0.0, 0.0, 0.0, 0.0]","[8.0, 0.0, 0.0, 0.0, 0.0, 0.0]","[41.0, 88.0, 0.0, 44.0, 77.0, 37.0]"
PHO4,MA0357.1,PHO4,exact,8.0,10.8805,"[94.0, 97.0, 967.0, 0.0, 85.0, 2.0, 1.0, 4.0]","[393.0, 900.0, 1.0, 911.0, 1.0, 28.0, 0.0, 507.0]","[507.0, 0.0, 28.0, 1.0, 911.0, 1.0, 900.0, 393.0]","[4.0, 1.0, 2.0, 85.0, 0.0, 967.0, 97.0, 94.0]"
PIP2,MA2702.1,PIP2,exact,15.0,13.538,"[7.0, 4.0, 3.0, 3.0, 3.0, 0.0, 1.0, 0.0, 51.0, 35.0, 38.0, 12.0, 48.0, 38.0, 32.0]","[11.0, 6.0, 44.0, 47.0, 3.0, 46.0, 1.0, 2.0, 2.0, 1.0, 5.0, 3.0, 3.0, 6.0, 6.0]","[3.0, 2.0, 4.0, 4.0, 49.0, 2.0, 53.0, 52.0, 2.0, 12.0, 5.0, 2.0, 0.0, 7.0, 11.0]","[34.0, 43.0, 4.0, 1.0, 0.0, 7.0, 0.0, 1.0, 0.0, 7.0, 7.0, 38.0, 4.0, 4.0, 6.0]"
PPR1,MA2703.1,PPR1,exact,14.0,10.3785,"[36.0, 11.0, 5.0, 7.0, 148.0, 89.0, 70.0, 67.0, 39.0, 27.0, 4.0, 9.0, 10.0, 154.0]","[24.0, 210.0, 4.0, 7.0, 33.0, 50.0, 46.0, 53.0, 60.0, 29.0, 219.0, 218.0, 7.0, 23.0]","[23.0, 6.0, 219.0, 219.0, 29.0, 59.0, 54.0, 46.0, 49.0, 33.0, 7.0, 5.0, 209.0, 24.0]","[154.0, 10.0, 9.0, 4.0, 27.0, 39.0, 67.0, 71.0, 89.0, 148.0, 7.0, 5.0, 11.0, 36.0]"
PUT3,MA0358.2,PUT3,exact,6.0,9.1901,"[9.0, 2.0, 0.0, 0.0, 0.0, 0.0]","[72.0, 90.0, 100.0, 0.0, 0.0, 0.0]","[9.0, 2.0, 0.0, 100.0, 100.0, 100.0]","[9.0, 6.0, 0.0, 0.0, 0.0, 0.0]"
RAP1,MA0359.3,RAP1,exact,12.0,14.387,"[200.0, 3.0, 4.0, 13.0, 214.0, 9.0, 6.0, 0.0, 48.0, 1.0, 3.0, 27.0]","[10.0, 4.0, 5.0, 27.0, 36.0, 54.0, 0.0, 0.0, 5.0, 5.0, 18.0, 48.0]","[105.0, 39.0, 317.0, 4.0, 51.0, 0.0, 327.0, 318.0, 281.0, 2.0, 264.0, 24.0]","[21.0, 290.0, 10.0, 292.0, 35.0, 273.0, 3.0, 18.0, 2.0, 328.0, 51.0, 237.0]"
RDS1,MA0361.2,RDS1,exact,6.0,8.6765,"[1.0, 0.0, 0.0, 0.0, 0.0, 0.0]","[91.0, 11.0, 0.0, 84.0, 95.0, 11.0]","[1.0, 89.0, 100.0, 16.0, 5.0, 89.0]","[7.0, 0.0, 0.0, 0.0, 0.0, 0.0]"
RDS2,MA0362.2,RDS2,exact,6.0,9.0537,"[0.0, 0.0, 0.0, 0.0, 12.0, 17.0]","[0.0, 100.0, 0.0, 0.0, 1.0, 7.0]","[0.0, 0.0, 100.0, 100.0, 86.0, 70.0]","[100.0, 0.0, 0.0, 0.0, 1.0, 7.0]"
REB1,MA0363.3,REB1,exact,9.0,12.2795,"[281.0, 8.0, 28.0, 679.0, 2.0, 4.0, 3.0, 11.0, 104.0]","[79.0, 20.0, 28.0, 1.0, 684.0, 681.0, 681.0, 5.0, 133.0]","[281.0, 5.0, 7.0, 3.0, 2.0, 5.0, 3.0, 578.0, 377.0]","[50.0, 658.0, 628.0, 8.0, 3.0, 1.0, 4.0, 97.0, 77.0]"
RFX1,MA0365.2,RFX1,exact,7.0,10.0932,"[0.0, 0.0, 0.0, 31.0, 0.0, 2.0, 88.0]","[0.0, 0.0, 0.0, 0.0, 100.0, 48.0, 4.0]","[100.0, 0.0, 0.0, 69.0, 0.0, 2.0, 4.0]","[0.0, 100.0, 100.0, 0.0, 0.0, 48.0, 4.0]"
RGT1,MA0367.2,RGT1,exact,8.0,8.5627,"[37.0, 22.0, 27.0, 30.0, 0.0, 0.0, 0.0, 4.0]","[0.0, 2.0, 15.0, 18.0, 12.0, 100.0, 100.0, 0.0]","[0.0, 0.0, 17.0, 4.0, 0.0, 0.0, 0.0, 89.0]","[63.0, 77.0, 41.0, 48.0, 88.0, 0.0, 0.0, 8.0]"
RIM101,MA0368.1,RIM101,exact,7.0,11.1228,"[9.0, 0.0, 0.0, 0.0, 100.0, 100.0, 0.0]","[43.0, 0.0, 100.0, 100.0, 0.0, 0.0, 0.0]","[9.0, 100.0, 0.0, 0.0, 0.0, 0.0, 100.0]","[39.0, 0.0, 0.0, 0.0, 0.0, 0.0, 0.0]"
RLM1,MA0369.2,RLM1,exact,14.0,16.1832,"[11.0, 0.0, 0.0, 0.0, 42.0, 16.0, 22.0, 23.0, 32.0, 0.0, 42.0, 0.0, 27.0, 4.0]","[0.0, 0.0, 42.0, 0.0, 0.0, 0.0, 0.0, 0.0, 0.0, 0.0, 0.0, 0.0, 14.0, 15.0]","[1.0, 5.0, 0.0, 0.0, 0.0, 0.0, 0.0, 0.0, 0.0, 0.0, 0.0, 42.0, 0.0, 2.0]","[30.0, 37.0, 0.0, 42.0, 0.0, 26.0, 20.0, 19.0, 10.0, 42.0, 0.0, 0.0, 1.0, 20.0]"
RME1,MA0370.1,RME1,exact,10.0,9.3692,"[0.0, 16.0, 16.0, 160.0, 119.0, 139.0, 27.0, 34.0, 92.0, 126.0]","[52.0, 96.0, 100.0, 0.0, 0.0, 29.0, 0.0, 0.0, 39.0, 0.0]","[0.0, 33.0, 49.0, 0.0, 27.0, 0.0, 244.0, 229.0, 35.0, 19.0]","[131.0, 69.0, 58.0, 0.0, 22.0, 2.0, 0.0, 0.0, 22.0, 18.0]"
ROF1,MA0371.1,ROX1,fuzzy,12.0,7.1803,"[0.0, 0.0, 2.0, 7.0, 0.0, 0.0, 0.0, 0.0, 0.0, 0.0, 1.0, 0.0]","[4.0, 6.0, 4.0, 1.0, 0.0, 0.0, 0.0, 0.0, 0.0, 5.0, 0.0, 5.0]","[0.0, 0.0, 0.0, 0.0, 0.0, 1.0, 8.0, 0.0, 0.0, 1.0, 1.0, 2.0]","[4.0, 2.0, 2.0, 0.0, 8.0, 7.0, 0.0, 8.0, 8.0, 2.0, 6.0, 1.0]"
ROX1,MA0371.1,ROX1,exact,12.0,7.1803,"[0.0, 0.0, 2.0, 7.0, 0.0, 0.0, 0.0, 0.0, 0.0, 0.0, 1.0, 0.0]","[4.0, 6.0, 4.0, 1.0, 0.0, 0.0, 0.0, 0.0, 0.0, 5.0, 0.0, 5.0]","[0.0, 0.0, 0.0, 0.0, 0.0, 1.0, 8.0, 0.0, 0.0, 1.0, 1.0, 2.0]","[4.0, 2.0, 2.0, 0.0, 8.0, 7.0, 0.0, 8.0, 8.0, 2.0, 6.0, 1.0]"
RPH1,MA0372.2,RPH1,exact,7.0,10.4043,"[0.0, 0.0, 0.0, 0.0, 0.0, 63.0, 74.0]","[100.0, 100.0, 100.0, 100.0, 0.0, 1.0, 7.0]","[0.0, 0.0, 0.0, 0.0, 0.0, 7.0, 7.0]","[0.0, 0.0, 0.0, 0.0, 100.0, 28.0, 13.0]"
RPN4,MA0373.1,RPN4,exact,7.0,10.5897,"[23.0, 0.0, 0.0, 0.0, 0.0, 0.0, 13.0]","[0.0, 0.0, 0.0, 0.0, 0.0, 100.0, 0.0]","[67.0, 100.0, 12.0, 100.0, 100.0, 0.0, 87.0]","[9.0, 0.0, 88.0, 0.0, 0.0, 0.0, 0.0]"
RTG1,MA2704.1,RTG1,exact,7.0,8.9405,"[142.0, 173.0, 4.0, 7.0, 180.0, 0.0, 143.0]","[9.0, 5.0, 5.0, 12.0, 0.0, 180.0, 15.0]","[4.0, 8.0, 3.0, 167.0, 2.0, 6.0, 12.0]","[35.0, 4.0, 178.0, 4.0, 8.0, 4.0, 20.0]"
RTG3,MA0376.2,RTG3,exact,8.0,11.1032,"[34.0, 19.0, 905.0, 5.0, 28.0, 7.0, 7.0, 275.0]","[27.0, 953.0, 5.0, 949.0, 16.0, 81.0, 19.0, 662.0]","[662.0, 19.0, 81.0, 16.0, 949.0, 5.0, 953.0, 27.0]","[275.0, 7.0, 7.0, 28.0, 5.0, 905.0, 19.0, 34.0]"
SFL1,MA0377.2,SFL1,exact,10.0,9.1117,"[727.0, 127.0, 506.0, 18.0, 956.0, 959.0, 22.0, 616.0, 596.0, 535.0]","[30.0, 178.0, 261.0, 10.0, 16.0, 9.0, 47.0, 129.0, 134.0, 221.0]","[124.0, 108.0, 226.0, 960.0, 5.0, 21.0, 806.0, 218.0, 36.0, 48.0]","[118.0, 586.0, 6.0, 10.0, 21.0, 9.0, 123.0, 36.0, 232.0, 194.0]"
SIP4,MA0380.2,SIP4,exact,6.0,7.5632,"[0.0, 0.0, 0.0, 0.0, 23.0, 57.0]","[27.0, 99.0, 100.0, 0.0, 0.0, 16.0]","[0.0, 0.0, 0.0, 100.0, 63.0, 25.0]","[73.0, 1.0, 0.0, 0.0, 14.0, 0.0]"
SKN7,MA0381.2,SKN7,exact,5.0,7.1372,"[0.0, 0.0, 0.0, 0.0, 49.0]","[0.0, 0.0, 100.0, 84.0, 15.0]","[100.0, 100.0, 0.0, 16.0, 37.0]","[0.0, 0.0, 0.0, 0.0, 0.0]"
SKO1,MA0382.3,SKO1,exact,10.0,13.0683,"[244.0, 3.0, 3.0, 264.0, 0.0, 2.0, 9.0, 186.0, 186.0, 47.0]","[6.0, 3.0, 0.0, 1.0, 256.0, 0.0, 8.0, 67.0, 8.0, 20.0]","[12.0, 0.0, 209.0, 2.0, 0.0, 263.0, 2.0, 5.0, 24.0, 40.0]","[5.0, 261.0, 55.0, 0.0, 11.0, 2.0, 248.0, 9.0, 49.0, 160.0]"
SMP1,MA2706.1,SMP1,exact,12.0,12.6962,"[8.0, 7.0, 7.0, 2.0, 2.0, 53.0, 6.0, 11.0, 7.0, 18.0, 5.0, 61.0]","[33.0, 6.0, 0.0, 65.0, 2.0, 2.0, 2.0, 2.0, 2.0, 0.0, 1.0, 3.0]","[4.0, 3.0, 7.0, 0.0, 0.0, 0.0, 0.0, 1.0, 1.0, 0.0, 1.0, 4.0]","[24.0, 53.0, 55.0, 2.0, 65.0, 14.0, 61.0, 55.0, 59.0, 51.0, 62.0, 1.0]"
STB4,MA0391.1,STB4,exact,7.0,10.3001,"[9.0, 0.0, 0.0, 0.0, 0.0, 100.0, 75.0]","[43.0, 0.0, 100.0, 0.0, 0.0, 0.0, 1.0]","[9.0, 0.0, 0.0, 100.0, 100.0, 0.0, 1.0]","[39.0, 100.0, 0.0, 0.0, 0.0, 0.0, 23.0]"
STB5,MA0392.1,STB5,exact,8.0,8.2041,"[0.0, 0.0, 0.0, 23.0, 23.0, 19.0, 6.0, 96.0]","[99.0, 0.0, 0.0, 19.0, 23.0, 25.0, 12.0, 1.0]","[0.0, 99.0, 99.0, 26.0, 47.0, 12.0, 6.0, 1.0]","[0.0, 0.0, 0.0, 32.0, 8.0, 45.0, 76.0, 1.0]"
STE12,MA0393.1,STE12,exact,7.0,10.3058,"[0.0, 4297.0, 27122.0, 25290.0, 27887.0, 98.0, 15301.0]","[3261.0, 0.0, 0.0, 167.0, 0.0, 27779.0, 3002.0]","[96.0, 24137.0, 1278.0, 2703.0, 0.0, 0.0, 9387.0]","[25022.0, 198.0, 0.0, 0.0, 0.0, 97.0, 2275.0]"
STP1,MA0394.1,STP1,exact,8.0,10.1005,"[4.0, 49.0, 0.0, 0.0, 12.0, 0.0, 4.0, 4.0]","[82.0, 0.0, 279.0, 0.0, 0.0, 279.0, 0.0, 94.0]","[33.0, 192.0, 0.0, 266.0, 255.0, 0.0, 119.0, 70.0]","[87.0, 0.0, 0.0, 4.0, 0.0, 0.0, 87.0, 57.0]"
STP2,MA0395.2,STP2,exact,9.0,10.332,"[238.0, 113.0, 34.0, 2.0, 0.0, 1.0, 8.0, 14.0, 618.0]","[111.0, 11.0, 647.0, 5.0, 849.0, 866.0, 13.0, 520.0, 12.0]","[567.0, 829.0, 5.0, 987.0, 148.0, 128.0, 948.0, 4.0, 338.0]","[81.0, 45.0, 312.0, 4.0, 1.0, 3.0, 29.0, 460.0, 30.0]"
SUM1,MA0398.2,SUM1,exact,8.0,8.1982,"[52.0, 62.0, 100.0, 0.0, 8.0, 24.0, 28.0, 15.0]","[8.0, 2.0, 0.0, 0.0, 0.0, 0.0, 5.0, 15.0]","[8.0, 2.0, 0.0, 0.0, 0.0, 0.0, 5.0, 11.0]","[32.0, 34.0, 0.0, 100.0, 92.0, 76.0, 61.0, 59.0]"
SUT1,MA0399.1,SUT1,exact,7.0,7.1906,"[23.0, 48.0, 0.0, 8.0, 0.0, 49.0, 44.0]","[142.0, 5.0, 266.0, 61.0, 46.0, 35.0, 14.0]","[36.0, 185.0, 0.0, 188.0, 226.0, 151.0, 170.0]","[29.0, 0.0, 0.0, 1.0, 0.0, 0.0, 4.0]"
SWI4,MA0401.1,SWI4,exact,8.0,10.8373,"[62.0, 0.0, 15.0, 0.0, 0.0, 100.0, 94.0, 62.0]","[8.0, 100.0, 0.0, 100.0, 0.0, 0.0, 2.0, 8.0]","[15.0, 0.0, 85.0, 0.0, 100.0, 0.0, 2.0, 8.0]","[15.0, 0.0, 0.0, 0.0, 0.0, 0.0, 2.0, 23.0]"
SWI5,MA0402.2,SWI5,exact,7.0,10.1544,"[8.0, 0.0, 0.0, 0.0, 0.0, 0.0, 4.0]","[8.0, 0.0, 100.0, 0.0, 0.0, 0.0, 4.0]","[23.0, 100.0, 0.0, 0.0, 100.0, 100.0, 27.0]","[62.0, 0.0, 0.0, 100.0, 0.0, 0.0, 65.0]"
TDA9,MA0431.2,TDA9,exact,7.0,9.7317,"[0.0, 0.0, 0.0, 0.0, 30.0, 0.0, 44.0]","[100.0, 100.0, 100.0, 100.0, 0.0, 100.0, 16.0]","[0.0, 0.0, 0.0, 0.0, 36.0, 0.0, 3.0]","[0.0, 0.0, 0.0, 0.0, 34.0, 0.0, 38.0]"
TEA1,MA0405.1,TEA1,exact,8.0,8.4165,"[5.0, 0.0, 0.0, 0.0, 50.0, 0.0, 60.0, 15.0]","[5.0, 100.0, 0.0, 40.0, 0.0, 80.0, 0.0, 20.0]","[75.0, 0.0, 100.0, 60.0, 50.0, 20.0, 10.0, 5.0]","[15.0, 0.0, 0.0, 0.0, 0.0, 0.0, 30.0, 60.0]"
TEC1,MA0406.2,TEC1,exact,7.0,9.5316,"[52.0, 0.0, 100.0, 5.0, 0.0, 0.0, 0.0]","[7.0, 95.0, 0.0, 0.0, 0.0, 91.0, 68.0]","[34.0, 5.0, 0.0, 0.0, 0.0, 9.0, 0.0]","[7.0, 0.0, 0.0, 95.0, 100.0, 0.0, 32.0]"
TYE7,MA0409.1,TYE7,exact,7.0,10.7259,"[3.0, 100.0, 0.0, 0.0, 0.0, 0.0, 78.0]","[93.0, 0.0, 100.0, 10.0, 0.0, 0.0, 8.0]","[3.0, 0.0, 0.0, 90.0, 0.0, 100.0, 8.0]","[3.0, 0.0, 0.0, 0.0, 100.0, 0.0, 8.0]"
UGA3,MA0410.2,UGA3,exact,7.0,9.8489,"[4.0, 0.0, 0.0, 0.0, 0.0, 2.0, 85.0]","[28.0, 0.0, 100.0, 0.0, 0.0, 27.0, 2.0]","[63.0, 100.0, 0.0, 100.0, 100.0, 69.0, 2.0]","[4.0, 0.0, 0.0, 0.0, 0.0, 2.0, 10.0]"
UME6,MA0412.3,UME6,exact,12.0,14.7595,"[101.0, 64.0, 2.0, 194.0, 10.0, 0.0, 0.0, 3.0, 0.0, 2.0, 32.0, 160.0]","[17.0, 9.0, 8.0, 1.0, 9.0, 216.0, 218.0, 0.0, 217.0, 185.0, 82.0, 16.0]","[25.0, 13.0, 6.0, 3.0, 198.0, 1.0, 0.0, 215.0, 1.0, 12.0, 97.0, 22.0]","[75.0, 132.0, 202.0, 20.0, 1.0, 1.0, 0.0, 0.0, 0.0, 19.0, 7.0, 20.0]"
UPC2,MA0411.2,UPC2,exact,6.0,7.7966,"[59.0, 38.0, 100.0, 0.0, 1.0, 83.0]","[3.0, 0.0, 0.0, 100.0, 0.0, 5.0]","[28.0, 0.0, 0.0, 0.0, 99.0, 9.0]","[9.0, 62.0, 0.0, 0.0, 0.0, 4.0]"
USV1,MA0413.2,USV1,exact,10.0,14.6663,"[133.0, 318.0, 1.0, 0.0, 3.0, 1.0, 0.0, 0.0, 956.0, 850.0]","[55.0, 551.0, 967.0, 977.0, 993.0, 981.0, 6.0, 2.0, 0.0, 92.0]","[157.0, 101.0, 26.0, 0.0, 1.0, 0.0, 3.0, 869.0, 36.0, 21.0]","[652.0, 28.0, 3.0, 20.0, 1.0, 16.0, 989.0, 126.0, 5.0, 35.0]"
WAR1,MA0274.1,ARR1,fuzzy,8.0,8.4411,"[160.0, 24.0, 30.0, 0.0, 73.0, 129.0, 137.0, 11.0]","[0.0, 75.0, 70.0, 0.0, 0.0, 41.0, 0.0, 0.0]","[0.0, 29.0, 0.0, 0.0, 161.0, 12.0, 29.0, 24.0]","[0.0, 73.0, 87.0, 161.0, 0.0, 0.0, 3.0, 129.0]"
XBP1,MA0414.2,XBP1,exact,6.0,8.0295,"[12.0, 0.0, 0.0, 0.0, 100.0, 40.0]","[51.0, 0.0, 100.0, 0.0, 0.0, 8.0]","[7.0, 0.0, 0.0, 100.0, 0.0, 50.0]","[31.0, 100.0, 0.0, 0.0, 0.0, 3.0]"
YAP1,MA0415.2,YAP1,exact,10.0,14.9601,"[397.0, 5.0, 8.0, 976.0, 1.0, 60.0, 10.0, 971.0, 981.0, 35.0]","[528.0, 3.0, 13.0, 3.0, 900.0, 36.0, 9.0, 6.0, 8.0, 28.0]","[50.0, 8.0, 6.0, 9.0, 36.0, 900.0, 3.0, 13.0, 3.0, 516.0]","[23.0, 981.0, 971.0, 10.0, 60.0, 1.0, 976.0, 8.0, 5.0, 418.0]"
YAP3,MA0416.2,YAP3,exact,7.0,11.0325,"[65.0, 0.0, 0.0, 100.0, 0.0, 0.0, 2.0]","[19.0, 0.0, 0.0, 0.0, 100.0, 0.0, 2.0]","[12.0, 0.0, 0.0, 0.0, 0.0, 100.0, 2.0]","[4.0, 100.0, 100.0, 0.0, 0.0, 0.0, 94.0]"
YAP5,MA0417.1,YAP5,exact,6.0,7.9674,"[122.0, 124.0, 86.0, 0.0, 161.0, 19.0]","[0.0, 0.0, 0.0, 264.0, 0.0, 0.0]","[0.0, 67.0, 136.0, 0.0, 0.0, 0.0]","[34.0, 0.0, 0.0, 17.0, 0.0, 137.0]"
YRR1,MA0439.2,YRR1,exact,10.0,9.037,"[16.0, 22.0, 89.0, 19.0, 28.0, 4.0, 0.0, 0.0, 3.0, 6.0]","[16.0, 8.0, 1.0, 9.0, 33.0, 22.0, 100.0, 100.0, 0.0, 41.0]","[10.0, 4.0, 2.0, 4.0, 8.0, 7.0, 0.0, 0.0, 95.0, 14.0]","[57.0, 66.0, 8.0, 68.0, 32.0, 68.0, 0.0, 0.0, 2.0, 39.0]"
ZAP1,MA0440.1,ZAP1,exact,15.0,20.8553,"[169.0, 0.0, 0.0, 0.0, 0.0, 107.0, 169.0, 119.0, 0.0, 0.0, 0.0, 21.0, 119.0, 9.0, 46.0]","[0.0, 279.0, 279.0, 97.0, 0.0, 77.0, 0.0, 17.0, 0.0, 0.0, 0.0, 97.0, 0.0, 17.0, 0.0]","[0.0, 0.0, 0.0, 0.0, 0.0, 17.0, 0.0, 57.0, 279.0, 279.0, 0.0, 37.0, 57.0, 0.0, 198.0]","[0.0, 0.0, 0.0, 107.0, 169.0, 0.0, 0.0, 0.0, 0.0, 0.0, 169.0, 58.0, 9.0, 145.0, 0.0]"
ZNF1,MA2701.1,FZF1,fuzzy,7.0,9.9875,"[2.0, 0.0, 174.0, 3.0, 4.0, 162.0, 96.0]","[178.0, 2.0, 7.0, 1.0, 176.0, 4.0, 28.0]","[2.0, 4.0, 1.0, 1.0, 1.0, 5.0, 16.0]","[0.0, 176.0, 0.0, 177.0, 1.0, 11.0, 42.0]"
