strain,gene,ref_strain,n_alt_alleles,n_snp_positions,pct_alt,pos_354,pos_945
YFL039C_CEN.PK,YFL039C,YFL039C_Sigma1278b,1,2,50.0,1,0
YFL039C_D273-10B,YFL039C,YFL039C_Sigma1278b,0,2,0.0,0,0
YFL039C_FL100,YFL039C,YFL039C_Sigma1278b,1,2,50.0,1,0
YFL039C_JK9-3d,YFL039C,YFL039C_Sigma1278b,0,2,0.0,0,0
YFL039C_RM11-1a,YFL039C,YFL039C_Sigma1278b,0,2,0.0,0,0
YFL039C_SEY6210,YFL039C,YFL039C_Sigma1278b,1,2,50.0,1,0
YFL039C_W303,YFL039C,YFL039C_Sigma1278b,1,2,50.0,1,0
YFL039C_X2180-1A,YFL039C,YFL039C_Sigma1278b,1,2,50.0,1,0
YFL039C_Y55,YFL039C,YFL039C_Sigma1278b,2,2,100.0,1,1
YFL039C_S288C,YFL039C,YFL039C_Sigma1278b,0,2,0.0,0,0
YFL039C_SK1,YFL039C,YFL039C_Sigma1278b,2,2,100.0,1,1
